-- grosseria pra zerar o banco
DROP SCHEMA public cascade;
CREATE SCHEMA public;

--
-- TOC entry 4868 (class 0 OID 0)
-- Dependencies: 6
-- Name: SCHEMA public; Type: COMMENT; Schema: -; Owner: pg_database_owner
--

COMMENT ON SCHEMA public IS 'standard public schema';


SET default_tablespace = '';

SET default_table_access_method = heap;

--
-- TOC entry 228 (class 1259 OID 86355)
-- Name: consumo; Type: TABLE; Schema: public; Owner: postgres
--

CREATE TABLE public.consumo (
    id bigint NOT NULL,
    data timestamp(6) without time zone,
    preco double precision,
    quantidade integer,
    id_locacao bigint NOT NULL,
    id_produto bigint NOT NULL
);


ALTER TABLE public.consumo OWNER TO postgres;

--
-- TOC entry 229 (class 1259 OID 86358)
-- Name: consumo_id_seq; Type: SEQUENCE; Schema: public; Owner: postgres
--

ALTER TABLE public.consumo ALTER COLUMN id ADD GENERATED BY DEFAULT AS IDENTITY (
    SEQUENCE NAME public.consumo_id_seq
    START WITH 1
    INCREMENT BY 1
    NO MINVALUE
    NO MAXVALUE
    CACHE 1
);


--
-- TOC entry 230 (class 1259 OID 86359)
-- Name: locacao; Type: TABLE; Schema: public; Owner: postgres
--

CREATE TABLE public.locacao (
    id bigint NOT NULL,
    check_in timestamp without time zone NOT NULL,
    check_out timestamp without time zone NOT NULL,
    senha character varying(255) NOT NULL,
    id_quarto bigint NOT NULL,
    id_usuario bigint NOT NULL,
    preco double precision
);


ALTER TABLE public.locacao OWNER TO postgres;

--
-- TOC entry 231 (class 1259 OID 86362)
-- Name: locacao_id_seq; Type: SEQUENCE; Schema: public; Owner: postgres
--

CREATE SEQUENCE public.locacao_id_seq
    AS integer
    START WITH 1
    INCREMENT BY 1
    NO MINVALUE
    NO MAXVALUE
    CACHE 1;


ALTER SEQUENCE public.locacao_id_seq OWNER TO postgres;

--
-- TOC entry 4870 (class 0 OID 0)
-- Dependencies: 231
-- Name: locacao_id_seq; Type: SEQUENCE OWNED BY; Schema: public; Owner: postgres
--

ALTER SEQUENCE public.locacao_id_seq OWNED BY public.locacao.id;


--
-- TOC entry 232 (class 1259 OID 86363)
-- Name: produto; Type: TABLE; Schema: public; Owner: postgres
--

CREATE TABLE public.produto (
    id bigint NOT NULL,
    cod_barras character varying(255),
    descricao character varying(255),
    preco double precision
);


ALTER TABLE public.produto OWNER TO postgres;

--
-- TOC entry 233 (class 1259 OID 86368)
-- Name: produto_id_seq; Type: SEQUENCE; Schema: public; Owner: postgres
--

ALTER TABLE public.produto ALTER COLUMN id ADD GENERATED BY DEFAULT AS IDENTITY (
    SEQUENCE NAME public.produto_id_seq
    START WITH 1
    INCREMENT BY 1
    NO MINVALUE
    NO MAXVALUE
    CACHE 1
);


--
-- TOC entry 234 (class 1259 OID 86369)
-- Name: quarto; Type: TABLE; Schema: public; Owner: postgres
--

CREATE TABLE public.quarto (
    id bigint NOT NULL,
    nome character varying(255) NOT NULL,
    capacidade_hospedes integer NOT NULL,
    id_tipo bigint,
    preco double precision
);


ALTER TABLE public.quarto OWNER TO postgres;

--
-- TOC entry 235 (class 1259 OID 86372)
-- Name: quarto_id_seq; Type: SEQUENCE; Schema: public; Owner: postgres
--

CREATE SEQUENCE public.quarto_id_seq
    AS integer
    START WITH 1
    INCREMENT BY 1
    NO MINVALUE
    NO MAXVALUE
    CACHE 1;


ALTER SEQUENCE public.quarto_id_seq OWNER TO postgres;

--
-- TOC entry 4871 (class 0 OID 0)
-- Dependencies: 235
-- Name: quarto_id_seq; Type: SEQUENCE OWNED BY; Schema: public; Owner: postgres
--

ALTER SEQUENCE public.quarto_id_seq OWNED BY public.quarto.id;


--
-- TOC entry 236 (class 1259 OID 86373)
-- Name: tipo_quarto; Type: TABLE; Schema: public; Owner: postgres
--

CREATE TABLE public.tipo_quarto (
    id bigint NOT NULL,
    nome character varying(255) NOT NULL
);


ALTER TABLE public.tipo_quarto OWNER TO postgres;

--
-- TOC entry 237 (class 1259 OID 86376)
-- Name: tipo_quarto_id_seq; Type: SEQUENCE; Schema: public; Owner: postgres
--

CREATE SEQUENCE public.tipo_quarto_id_seq
    AS integer
    START WITH 1
    INCREMENT BY 1
    NO MINVALUE
    NO MAXVALUE
    CACHE 1;


ALTER SEQUENCE public.tipo_quarto_id_seq OWNER TO postgres;

--
-- TOC entry 4872 (class 0 OID 0)
-- Dependencies: 237
-- Name: tipo_quarto_id_seq; Type: SEQUENCE OWNED BY; Schema: public; Owner: postgres
--

ALTER SEQUENCE public.tipo_quarto_id_seq OWNED BY public.tipo_quarto.id;


--
-- TOC entry 238 (class 1259 OID 86377)
-- Name: usuario; Type: TABLE; Schema: public; Owner: postgres
--

CREATE TABLE public.usuario (
    id bigint NOT NULL,
    apelido character varying(255),
    senha character varying(255),
    usuario character varying(255)
);


ALTER TABLE public.usuario OWNER TO postgres;

--
-- TOC entry 239 (class 1259 OID 86382)
-- Name: usuario_id_seq; Type: SEQUENCE; Schema: public; Owner: postgres
--

ALTER TABLE public.usuario ALTER COLUMN id ADD GENERATED BY DEFAULT AS IDENTITY (
    SEQUENCE NAME public.usuario_id_seq
    START WITH 1
    INCREMENT BY 1
    NO MINVALUE
    NO MAXVALUE
    CACHE 1
);


--
-- TOC entry 4684 (class 2604 OID 86383)
-- Name: locacao id; Type: DEFAULT; Schema: public; Owner: postgres
--

ALTER TABLE ONLY public.locacao ALTER COLUMN id SET DEFAULT nextval('public.locacao_id_seq'::regclass);


--
-- TOC entry 4685 (class 2604 OID 86384)
-- Name: quarto id; Type: DEFAULT; Schema: public; Owner: postgres
--

ALTER TABLE ONLY public.quarto ALTER COLUMN id SET DEFAULT nextval('public.quarto_id_seq'::regclass);


--
-- TOC entry 4686 (class 2604 OID 86385)
-- Name: tipo_quarto id; Type: DEFAULT; Schema: public; Owner: postgres
--

ALTER TABLE ONLY public.tipo_quarto ALTER COLUMN id SET DEFAULT nextval('public.tipo_quarto_id_seq'::regclass);


--
-- TOC entry 4851 (class 0 OID 86355)
-- Dependencies: 228
-- Data for Name: consumo; Type: TABLE DATA; Schema: public; Owner: postgres
--



--
-- TOC entry 4853 (class 0 OID 86359)
-- Dependencies: 230
-- Data for Name: locacao; Type: TABLE DATA; Schema: public; Owner: postgres
--



--
-- TOC entry 4855 (class 0 OID 86363)
-- Dependencies: 232
-- Data for Name: produto; Type: TABLE DATA; Schema: public; Owner: postgres
--

INSERT INTO public.produto VALUES (1, '7894900019841', 'Coca-Cola Lata 350 ml', 6);
INSERT INTO public.produto VALUES (3, '7891000462300', 'Chokito 32 gr', 5);
INSERT INTO public.produto VALUES (4, '1636', 'Filamento PLA Fosfores 200g 1,75mm', 89.9);
INSERT INTO public.produto VALUES (5, '9788598764801', 'Livro  Cooperativas & Compliance', 19.99);
INSERT INTO public.produto VALUES (6, '7894900701517', 'Coca Cola 2L Sem Açúcar', 15);
INSERT INTO public.produto VALUES (7, '142553', 'Notebook SENAI', 1.99);
INSERT INTO public.produto VALUES (2, '0070847811169', 'Energético Monster Lata 473 ml', 12);
INSERT INTO public.produto VALUES (8, '0000000000000', 'Diária', 0.01);
INSERT INTO public.produto VALUES (9, '7891234567890', 'Arroz Branco 5kg', 25.99);
INSERT INTO public.produto VALUES (10, '7899876543210', 'Feijão Carioca 1kg', 8.49);
INSERT INTO public.produto VALUES (11, '7896543210987', 'Óleo de Soja 900ml', 6.99);
INSERT INTO public.produto VALUES (12, '7890123456789', 'Açúcar Refinado 2kg', 5.79);
INSERT INTO public.produto VALUES (13, '7897654321098', 'Café Torrado e Moído 500g', 12.99);
INSERT INTO public.produto VALUES (14, '7892345678901', 'Leite Integral 1L', 4.29);
INSERT INTO public.produto VALUES (15, '7898765432109', 'Pão de Forma 500g', 7.99);
INSERT INTO public.produto VALUES (16, '7893456789012', 'Manteiga 200g', 9.99);
INSERT INTO public.produto VALUES (17, '7899012345678', 'Ovos 12 unidades', 8.99);
INSERT INTO public.produto VALUES (18, '7894567890123', 'Farinha de Trigo 1kg', 4.99);


--
-- TOC entry 4857 (class 0 OID 86369)
-- Dependencies: 234
-- Data for Name: quarto; Type: TABLE DATA; Schema: public; Owner: postgres
--

INSERT INTO public.quarto VALUES (1, '101', 2, 1, 200);
INSERT INTO public.quarto VALUES (2, '201', 2, 2, 0.1);
INSERT INTO public.quarto VALUES (3, '301', 1, 3, 0.1);
INSERT INTO public.quarto VALUES (4, '401', 1, 4, 120);
INSERT INTO public.quarto VALUES (5, '102', 2, 1, 200);
INSERT INTO public.quarto VALUES (6, '103', 2, 1, 200);
INSERT INTO public.quarto VALUES (7, '104', 2, 1, 200);
INSERT INTO public.quarto VALUES (8, '105', 2, 1, 200);
INSERT INTO public.quarto VALUES (9, '106', 2, 1, 200);
INSERT INTO public.quarto VALUES (10, '107', 2, 1, 200);
INSERT INTO public.quarto VALUES (11, '108', 2, 1, 200);
INSERT INTO public.quarto VALUES (12, '109', 2, 1, 200);
INSERT INTO public.quarto VALUES (13, '110', 2, 1, 200);
INSERT INTO public.quarto VALUES (14, '202', 2, 2, 350);
INSERT INTO public.quarto VALUES (15, '203', 2, 2, 350);
INSERT INTO public.quarto VALUES (16, '204', 2, 2, 350);
INSERT INTO public.quarto VALUES (17, '205', 2, 2, 350);
INSERT INTO public.quarto VALUES (18, '206', 2, 2, 350);
INSERT INTO public.quarto VALUES (19, '207', 2, 2, 350);
INSERT INTO public.quarto VALUES (20, '208', 2, 2, 350);
INSERT INTO public.quarto VALUES (21, '209', 2, 2, 350);
INSERT INTO public.quarto VALUES (22, '210', 2, 2, 350);
INSERT INTO public.quarto VALUES (23, '302', 1, 3, 150);
INSERT INTO public.quarto VALUES (24, '303', 1, 3, 150);
INSERT INTO public.quarto VALUES (25, '304', 1, 3, 150);
INSERT INTO public.quarto VALUES (26, '305', 1, 3, 150);
INSERT INTO public.quarto VALUES (27, '306', 1, 3, 150);
INSERT INTO public.quarto VALUES (28, '307', 1, 3, 150);
INSERT INTO public.quarto VALUES (29, '308', 1, 3, 150);
INSERT INTO public.quarto VALUES (30, '309', 1, 3, 150);
INSERT INTO public.quarto VALUES (31, '310', 1, 3, 150);
INSERT INTO public.quarto VALUES (32, '402', 1, 4, 220);
INSERT INTO public.quarto VALUES (33, '403', 1, 4, 220);
INSERT INTO public.quarto VALUES (34, '404', 1, 4, 220);
INSERT INTO public.quarto VALUES (35, '405', 1, 4, 220);
INSERT INTO public.quarto VALUES (36, '406', 1, 4, 220);
INSERT INTO public.quarto VALUES (37, '407', 1, 4, 220);
INSERT INTO public.quarto VALUES (38, '408', 1, 4, 220);
INSERT INTO public.quarto VALUES (39, '409', 1, 4, 220);
INSERT INTO public.quarto VALUES (40, '410', 1, 4, 220);


--
-- TOC entry 4859 (class 0 OID 86373)
-- Dependencies: 236
-- Data for Name: tipo_quarto; Type: TABLE DATA; Schema: public; Owner: postgres
--

INSERT INTO public.tipo_quarto VALUES (1, 'Casal Simples');
INSERT INTO public.tipo_quarto VALUES (2, 'Casal Luxo');
INSERT INTO public.tipo_quarto VALUES (3, 'Solteiro Simples');
INSERT INTO public.tipo_quarto VALUES (4, 'Solteiro Luxo');


--
-- TOC entry 4861 (class 0 OID 86377)
-- Dependencies: 238
-- Data for Name: usuario; Type: TABLE DATA; Schema: public; Owner: postgres
--

INSERT INTO public.usuario VALUES (2, 'José da Silva', '1234', 'josesilva');
INSERT INTO public.usuario VALUES (3, 'Maria Souza', '1234', 'mariasouza');
INSERT INTO public.usuario VALUES (4, 'Antônio Pereira', '1234', 'antoniopereira');
INSERT INTO public.usuario VALUES (5, 'Ana Paula Oliveira', '1234', 'anapaula');
INSERT INTO public.usuario VALUES (6, 'Carlos Santos', '1234', 'carlossantos');
INSERT INTO public.usuario VALUES (7, 'Fernanda Rodrigues', '1234', 'fernandarodrigues');
INSERT INTO public.usuario VALUES (8, 'Rodrigo Almeida', '1234', 'rodrigoalmeida');
INSERT INTO public.usuario VALUES (9, 'Isabela Martins', '1234', 'isabelamartins');
INSERT INTO public.usuario VALUES (10, 'Marcelo Lima', '1234', 'marcelolima');
INSERT INTO public.usuario VALUES (11, 'Juliana Costa', '1234', 'julianacosta');
INSERT INTO public.usuario VALUES (12, 'Gustavo Carvalho', '1234', 'gustavocarvalho');
INSERT INTO public.usuario VALUES (13, 'Patrícia Ribeiro', '1234', 'patriciaribeiro');
INSERT INTO public.usuario VALUES (14, 'Leonardo Ferreira', '1234', 'leonardoferreira');
INSERT INTO public.usuario VALUES (15, 'Camila Gomes', '1234', 'camilagomes');
INSERT INTO public.usuario VALUES (16, 'Eduardo Silva', '1234', 'eduardosilva');
INSERT INTO public.usuario VALUES (17, 'Beatriz Pereira', '1234', 'beatrizpereira');
INSERT INTO public.usuario VALUES (18, 'Vitor Oliveira', '1234', 'vitoroliveira');
INSERT INTO public.usuario VALUES (19, 'Amanda Souza', '1234', 'amandasouza');
INSERT INTO public.usuario VALUES (20, 'Thiago Rodrigues', '1234', 'thiagorodrigues');
INSERT INTO public.usuario VALUES (1, 'Juca da Silva', '1234', 'jucasilva');


--
-- TOC entry 4873 (class 0 OID 0)
-- Dependencies: 229
-- Name: consumo_id_seq; Type: SEQUENCE SET; Schema: public; Owner: postgres
--

SELECT pg_catalog.setval('public.consumo_id_seq', 35, true);


--
-- TOC entry 4874 (class 0 OID 0)
-- Dependencies: 231
-- Name: locacao_id_seq; Type: SEQUENCE SET; Schema: public; Owner: postgres
--

SELECT pg_catalog.setval('public.locacao_id_seq', 23, true);


--
-- TOC entry 4875 (class 0 OID 0)
-- Dependencies: 233
-- Name: produto_id_seq; Type: SEQUENCE SET; Schema: public; Owner: postgres
--

SELECT pg_catalog.setval('public.produto_id_seq', 18, true);


--
-- TOC entry 4876 (class 0 OID 0)
-- Dependencies: 235
-- Name: quarto_id_seq; Type: SEQUENCE SET; Schema: public; Owner: postgres
--

SELECT pg_catalog.setval('public.quarto_id_seq', 40, true);


--
-- TOC entry 4877 (class 0 OID 0)
-- Dependencies: 237
-- Name: tipo_quarto_id_seq; Type: SEQUENCE SET; Schema: public; Owner: postgres
--

SELECT pg_catalog.setval('public.tipo_quarto_id_seq', 4, true);


--
-- TOC entry 4878 (class 0 OID 0)
-- Dependencies: 239
-- Name: usuario_id_seq; Type: SEQUENCE SET; Schema: public; Owner: postgres
--

SELECT pg_catalog.setval('public.usuario_id_seq', 20, true);


--
-- TOC entry 4688 (class 2606 OID 86387)
-- Name: consumo consumo_pkey; Type: CONSTRAINT; Schema: public; Owner: postgres
--

ALTER TABLE ONLY public.consumo
    ADD CONSTRAINT consumo_pkey PRIMARY KEY (id);


--
-- TOC entry 4690 (class 2606 OID 86389)
-- Name: locacao locacao_pkey; Type: CONSTRAINT; Schema: public; Owner: postgres
--

ALTER TABLE ONLY public.locacao
    ADD CONSTRAINT locacao_pkey PRIMARY KEY (id);


--
-- TOC entry 4692 (class 2606 OID 86391)
-- Name: produto produto_pkey; Type: CONSTRAINT; Schema: public; Owner: postgres
--

ALTER TABLE ONLY public.produto
    ADD CONSTRAINT produto_pkey PRIMARY KEY (id);


--
-- TOC entry 4694 (class 2606 OID 86393)
-- Name: quarto quarto_pkey; Type: CONSTRAINT; Schema: public; Owner: postgres
--

ALTER TABLE ONLY public.quarto
    ADD CONSTRAINT quarto_pkey PRIMARY KEY (id);


--
-- TOC entry 4696 (class 2606 OID 86395)
-- Name: tipo_quarto tipo_quarto_pkey; Type: CONSTRAINT; Schema: public; Owner: postgres
--

ALTER TABLE ONLY public.tipo_quarto
    ADD CONSTRAINT tipo_quarto_pkey PRIMARY KEY (id);


--
-- TOC entry 4698 (class 2606 OID 86397)
-- Name: usuario uk8v4djte0bymjdp2xj52wa0dvv; Type: CONSTRAINT; Schema: public; Owner: postgres
--

ALTER TABLE ONLY public.usuario
    ADD CONSTRAINT uk8v4djte0bymjdp2xj52wa0dvv UNIQUE (apelido);


--
-- TOC entry 4700 (class 2606 OID 86399)
-- Name: usuario uki02kr8ui5pqddyd7pkm3v4jbt; Type: CONSTRAINT; Schema: public; Owner: postgres
--

ALTER TABLE ONLY public.usuario
    ADD CONSTRAINT uki02kr8ui5pqddyd7pkm3v4jbt UNIQUE (usuario);


--
-- TOC entry 4702 (class 2606 OID 86401)
-- Name: usuario usuario_pkey; Type: CONSTRAINT; Schema: public; Owner: postgres
--

ALTER TABLE ONLY public.usuario
    ADD CONSTRAINT usuario_pkey PRIMARY KEY (id);


--
-- TOC entry 4703 (class 2606 OID 86402)
-- Name: consumo fkdl940aq6qqkwqll4mbu0jeerk; Type: FK CONSTRAINT; Schema: public; Owner: postgres
--

ALTER TABLE ONLY public.consumo
    ADD CONSTRAINT fkdl940aq6qqkwqll4mbu0jeerk FOREIGN KEY (id_locacao) REFERENCES public.locacao(id);


--
-- TOC entry 4704 (class 2606 OID 86407)
-- Name: consumo fkupqlpgla7sqkvg4pu1ld96at; Type: FK CONSTRAINT; Schema: public; Owner: postgres
--

ALTER TABLE ONLY public.consumo
    ADD CONSTRAINT fkupqlpgla7sqkvg4pu1ld96at FOREIGN KEY (id_produto) REFERENCES public.produto(id);


--
-- TOC entry 4705 (class 2606 OID 86412)
-- Name: locacao locacao_id_quarto_fkey; Type: FK CONSTRAINT; Schema: public; Owner: postgres
--

ALTER TABLE ONLY public.locacao
    ADD CONSTRAINT locacao_id_quarto_fkey FOREIGN KEY (id_quarto) REFERENCES public.quarto(id);


--
-- TOC entry 4706 (class 2606 OID 86417)
-- Name: locacao locacao_id_usuario_fkey; Type: FK CONSTRAINT; Schema: public; Owner: postgres
--

ALTER TABLE ONLY public.locacao
    ADD CONSTRAINT locacao_id_usuario_fkey FOREIGN KEY (id_usuario) REFERENCES public.usuario(id);


--
-- TOC entry 4707 (class 2606 OID 86422)
-- Name: quarto quarto_id_tipo_fkey; Type: FK CONSTRAINT; Schema: public; Owner: postgres
--

ALTER TABLE ONLY public.quarto
    ADD CONSTRAINT quarto_id_tipo_fkey FOREIGN KEY (id_tipo) REFERENCES public.tipo_quarto(id);


--
-- TOC entry 4869 (class 0 OID 0)
-- Dependencies: 6
-- Name: SCHEMA public; Type: ACL; Schema: -; Owner: pg_database_owner
--

REVOKE USAGE ON SCHEMA public FROM PUBLIC;


-- Completed on 2025-02-19 22:05:05

--
-- PostgreSQL database dump complete
--

